well,nlgx,image,las,curve,mnemonic,units,family,n_pts,align_frac,las_col,log_corr,top_depth,bottom_depth,img_w,img_h,n_levels,usable
Semeguniv_020,Semeguniv_20_BK+MBK_3080_3520_200_D1.nlgx,Semeguniv_20_BK+MBK_3080_3520_200_D1.jpg,Semeguniv_20_BK+MBK_3080_3520_200_D1.las,BK1,BK,,SA1,13019,0.9999,BK,0.9842,3068.0,3524.0,1261,16868,4,1
Semeguniv_020,Semeguniv_20_BK+MBK_3080_3520_200_D1.nlgx,Semeguniv_20_BK+MBK_3080_3520_200_D1.jpg,Semeguniv_20_BK+MBK_3080_3520_200_D1.las,MBK1,MBK,,SA2,12114,0.9998,MBK,0.949,3068.0,3524.0,1261,16868,4,1
Semeguniv_020,Semeguniv_20_BK+MBK_3080_3520_200_D1.nlgx,Semeguniv_20_BK+MBK_3080_3520_200_D1.jpg,Semeguniv_20_BK+MBK_3080_3520_200_D1.las,BK2,BK,,SA1,4560,0.7456,BK1,0.9826,3068.0,3524.0,1261,16868,4,0
Semeguniv_020,Semeguniv_20_BK+MBK_3080_3520_200_D1.nlgx,Semeguniv_20_BK+MBK_3080_3520_200_D1.jpg,Semeguniv_20_BK+MBK_3080_3520_200_D1.las,MBK2,MBK,,SA2,4560,0.7735,MBK1,0.9511,3068.0,3524.0,1261,16868,3,0
Semeguniv_020,Semeguniv_20_BK+MBK_3690_4100_200_D1.nlgx,Semeguniv_20_BK+MBK_3690_4100_200_D1.jpg,Semeguniv_20_BK+MBK_3690_4100_200_D1.las,MBK1,MBK,,SA1,8292,0.9999,MBK,0.9882,3688.0,4104.0,1257,16610,3,1
Semeguniv_020,Semeguniv_20_BK+MBK_3690_4100_200_D1.nlgx,Semeguniv_20_BK+MBK_3690_4100_200_D1.jpg,Semeguniv_20_BK+MBK_3690_4100_200_D1.las,BK1,BK,,SA2,12145,1.0,BK,0.9926,3688.0,4104.0,1257,16610,2,1
Semeguniv_020,Semeguniv_20_BK+MBK_4350_4610_200_D1.nlgx,Semeguniv_20_BK+MBK_4350_4610_200_D1.jpg,Semeguniv_20_BK+MBK_4350_4610_200_D1.las,BK1,BK,,SA1,6219,0.9998,BK,0.9844,4348.0,4612.0,1234,11891,4,1
Semeguniv_020,Semeguniv_20_BK+MBK_4350_4610_200_D1.nlgx,Semeguniv_20_BK+MBK_4350_4610_200_D1.jpg,Semeguniv_20_BK+MBK_4350_4610_200_D1.las,MBK1,MBK,,SA2,6574,0.9998,MBK,0.9887,4348.0,4612.0,1234,11891,4,1
Semeguniv_020,Semeguniv_20_BKZ_3770_4040_200_D1.nlgx,Semeguniv_20_BKZ_3770_4040_200_D1.jpg,Semeguniv_20_BKZ_3770_4040_200_D1.las,GZ11,GZ,,SA1,8018,0.9988,GZ1,0.9776,3760.0,4036.0,1240,11735,1,1
Semeguniv_020,Semeguniv_20_BKZ_3770_4040_200_D1.nlgx,Semeguniv_20_BKZ_3770_4040_200_D1.jpg,Semeguniv_20_BKZ_3770_4040_200_D1.las,GZ21,GZ,,SA2,7561,0.9989,GZ2,0.9801,3760.0,4036.0,1240,11735,1,1
Semeguniv_020,Semeguniv_20_BKZ_3770_4040_200_D1.nlgx,Semeguniv_20_BKZ_3770_4040_200_D1.jpg,Semeguniv_20_BKZ_3770_4040_200_D1.las,GZ31,GZ,,SA3,7710,1.0,GZ3,0.9957,3760.0,4036.0,1240,11735,2,1
Semeguniv_020,Semeguniv_20_BKZ_3770_4040_200_D1.nlgx,Semeguniv_20_BKZ_3770_4040_200_D1.jpg,Semeguniv_20_BKZ_3770_4040_200_D1.las,GZ41,GZ,,SA4,618,0.9984,GZ4,0.9971,3760.0,4036.0,1240,11735,2,1
Semeguniv_020,Semeguniv_20_BKZ_3770_4040_200_D1.nlgx,Semeguniv_20_BKZ_3770_4040_200_D1.jpg,Semeguniv_20_BKZ_3770_4040_200_D1.las,SP1,SP,,SA5,226,0.9912,SP,0.9992,3760.0,4036.0,1240,11735,1,1
Semeguniv_020,Semeguniv_20_BKZ_3770_4040_200_D2.nlgx,Semeguniv_20_BKZ_3770_4040_200_D2.jpg,Semeguniv_20_BKZ_3770_4040_200_D2.las,GZ51,GZ,,SA1,8164,1.0,GZ5,0.9981,3764.0,4044.0,1242,11272,2,1
Semeguniv_020,Semeguniv_20_BKZ_3770_4040_200_D2.nlgx,Semeguniv_20_BKZ_3770_4040_200_D2.jpg,Semeguniv_20_BKZ_3770_4040_200_D2.las,OGZ1,OGZ,,SA2,605,0.995,OGZ,0.9988,3764.0,4044.0,1242,11272,2,1
Semeguniv_020,Semeguniv_20_BKZ_3770_4040_200_D2.nlgx,Semeguniv_20_BKZ_3770_4040_200_D2.jpg,Semeguniv_20_BKZ_3770_4040_200_D2.las,GZ61,GZ,,SA3,8264,1.0,GZ6,0.9955,3764.0,4044.0,1242,11272,3,1
Semeguniv_020,Semeguniv_20_BKZ_4080_4360_200_D1.nlgx,Semeguniv_20_BKZ_4080_4360_200_D1.jpg,Semeguniv_20_BKZ_4080_4360_200_D1.las,GZ11,GZ,,SA1,794,0.9987,GZ1,0.9956,4080.0,4360.0,1232,14577,2,1
Semeguniv_020,Semeguniv_20_BKZ_4080_4360_200_D1.nlgx,Semeguniv_20_BKZ_4080_4360_200_D1.jpg,Semeguniv_20_BKZ_4080_4360_200_D1.las,DS1,DS,,SA2,544,0.9945,DS,0.9989,4080.0,4360.0,1232,14577,1,1
Semeguniv_020,Semeguniv_20_BKZ_4080_4360_200_D1.nlgx,Semeguniv_20_BKZ_4080_4360_200_D1.jpg,Semeguniv_20_BKZ_4080_4360_200_D1.las,GZ31,GZ,,SA3,1539,1.0,GZ3,0.9993,4080.0,4360.0,1232,14577,3,1
Semeguniv_020,Semeguniv_20_BKZ_4080_4360_200_D1.nlgx,Semeguniv_20_BKZ_4080_4360_200_D1.jpg,Semeguniv_20_BKZ_4080_4360_200_D1.las,GZ21,GZ,,SA4,709,1.0,GZ2,0.9984,4080.0,4360.0,1232,14577,3,1
Semeguniv_020,Semeguniv_20_BKZ_4080_4360_200_D1.nlgx,Semeguniv_20_BKZ_4080_4360_200_D1.jpg,Semeguniv_20_BKZ_4080_4360_200_D1.las,SP1,SP,,SA5,388,1.0,SP,0.9983,4080.0,4360.0,1232,14577,1,1
Semeguniv_020,Semeguniv_20_BKZ_4080_4360_200_D2.nlgx,Semeguniv_20_BKZ_4080_4360_200_D2.jpg,Semeguniv_20_BKZ_4080_4360_200_D2.las,GZ41,GZ,,SA1,1458,1.0,GZ4,0.9966,4080.0,4364.0,1230,14508,4,1
Semeguniv_020,Semeguniv_20_BKZ_4080_4360_200_D2.nlgx,Semeguniv_20_BKZ_4080_4360_200_D2.jpg,Semeguniv_20_BKZ_4080_4360_200_D2.las,OGZ1,OGZ,,SA2,624,0.9856,OGZ,0.9875,4080.0,4364.0,1230,14508,4,1
Semeguniv_020,Semeguniv_20_BKZ_4080_4360_200_D2.nlgx,Semeguniv_20_BKZ_4080_4360_200_D2.jpg,Semeguniv_20_BKZ_4080_4360_200_D2.las,GZ51,GZ,,SA3,585,1.0,GZ5,0.9984,4080.0,4364.0,1230,14508,4,1
Semeguniv_020,Semeguniv_20_MK_3080_3520_200_D1.nlgx,Semeguniv_20_MK_3080_3520_200_D1.jpg,Semeguniv_20_MK_3080_3520_200_D1.las,MGZ1,MGZ,,SA1,1963,0.9297,MGZ,0.9637,3070.0,3522.0,819,19202,3,1
Semeguniv_020,Semeguniv_20_MK_3080_3520_200_D1.nlgx,Semeguniv_20_MK_3080_3520_200_D1.jpg,Semeguniv_20_MK_3080_3520_200_D1.las,MPZ1,MPZ,,SA2,3482,0.9997,MPZ,0.9517,3070.0,3522.0,819,19202,3,1
Semeguniv_020,Semeguniv_20_MK_3720_4100_200_D1.nlgx,Semeguniv_20_MK_3720_4100_200_D1.jpg,Semeguniv_20_MK_3720_4100_200_D1.las,MPZ1,MPZ,,SA1,1368,1.0,MPZ,0.9558,3720.0,4104.0,838,17071,2,1
Semeguniv_020,Semeguniv_20_MK_3720_4100_200_D1.nlgx,Semeguniv_20_MK_3720_4100_200_D1.jpg,Semeguniv_20_MK_3720_4100_200_D1.las,MGZ1,MGZ,,SA2,2163,0.9584,MGZ,0.92,3720.0,4104.0,838,17071,2,1
